DoctorID,Name,Specialization,SubSpecialization,Day,Time Slot
1,Dr. Smith,Cardiologist,Interventional Cardiology,Friday,11:00-13:00
2,Dr. Johnson,Neurology,Stroke,Thursday,09:00-11:00
3,Dr. Williams,Pediatrics,Neonatology,Tuesday,11:00-13:00
4,Dr. Brown,Orthopedics,Spine Surgery,Wednesday,14:00-16:00
5,Dr. Jones,Oncology,Medical Oncology,Wednesday,09:00-11:00
6,Dr. Jones 6,Oncology,Spine Surgery,Friday,09:00-11:00
7,Dr. Smith 7,Neurology,Interventional Cardiology,Wednesday,11:00-13:00
8,Dr. Johnson 8,Cardiologist,Medical Oncology,Tuesday,14:00-16:00
9,Dr. Williams 9,Oncology,Spine Surgery,Thursday,16:00-18:00
10,Dr. Brown 10,Cardiologist,Neonatology,Tuesday,09:00-11:00
11,Dr. Brown 11,Orthopedics,Interventional Cardiology,Thursday,14:00-16:00
12,Dr. Johnson 12,Oncology,Interventional Cardiology,Monday,09:00-11:00
13,Dr. Brown 13,Neurology,Spine Surgery,Monday,16:00-18:00
14,Dr. Smith 14,Orthopedics,Medical Oncology,Tuesday,16:00-18:00
15,Dr. Smith 15,Orthopedics,Stroke,Thursday,09:00-11:00
16,Dr. Brown 16,Cardiologist,Spine Surgery,Friday,14:00-16:00
17,Dr. Williams 17,Neurology,Interventional Cardiology,Thursday,16:00-18:00
18,Dr. Johnson 18,Pediatrics,Stroke,Friday,09:00-11:00
19,Dr. Jones 19,Cardiologist,Stroke,Monday,09:00-11:00
20,Dr. Johnson 20,Orthopedics,Medical Oncology,Tuesday,14:00-16:00
21,Dr. Brown 21,Orthopedics,Interventional Cardiology,Wednesday,14:00-16:00
22,Dr. Brown 22,Oncology,Interventional Cardiology,Thursday,16:00-18:00
23,Dr. Williams 23,Cardiologist,Interventional Cardiology,Wednesday,14:00-16:00
24,Dr. Williams 24,Oncology,Neonatology,Thursday,09:00-11:00
25,Dr. Smith 25,Pediatrics,Medical Oncology,Tuesday,11:00-13:00
26,Dr. Jones 26,Oncology,Interventional Cardiology,Thursday,11:00-13:00
27,Dr. Johnson 27,Oncology,Neonatology,Monday,16:00-18:00
28,Dr. Williams 28,Oncology,Medical Oncology,Friday,14:00-16:00
29,Dr. Williams 29,Pediatrics,Interventional Cardiology,Tuesday,11:00-13:00
30,Dr. Johnson 30,Neurology,Interventional Cardiology,Friday,09:00-11:00
31,Dr. Brown 31,Pediatrics,Medical Oncology,Wednesday,09:00-11:00
32,Dr. Williams 32,Cardiologist,Medical Oncology,Friday,16:00-18:00
33,Dr. Jones 33,Orthopedics,Stroke,Monday,11:00-13:00
34,Dr. Jones 34,Cardiologist,Spine Surgery,Monday,14:00-16:00
35,Dr. Smith 35,Orthopedics,Interventional Cardiology,Friday,11:00-13:00
36,Dr. Smith 36,Neurology,Neonatology,Thursday,14:00-16:00
37,Dr. Brown 37,Orthopedics,Interventional Cardiology,Monday,09:00-11:00
38,Dr. Johnson 38,Pediatrics,Stroke,Wednesday,09:00-11:00
39,Dr. Johnson 39,Oncology,Spine Surgery,Thursday,11:00-13:00
40,Dr. Brown 40,Cardiologist,Neonatology,Friday,09:00-11:00
41,Dr. Johnson 41,Pediatrics,Medical Oncology,Monday,14:00-16:00
42,Dr. Williams 42,Cardiologist,Medical Oncology,Monday,16:00-18:00
43,Dr. Jones 43,Neurology,Stroke,Friday,16:00-18:00
44,Dr. Williams 44,Cardiologist,Stroke,Friday,16:00-18:00
45,Dr. Johnson 45,Orthopedics,Interventional Cardiology,Wednesday,09:00-11:00
46,Dr. Williams 46,Orthopedics,Neonatology,Thursday,09:00-11:00
47,Dr. Jones 47,Orthopedics,Stroke,Tuesday,14:00-16:00
48,Dr. Johnson 48,Cardiologist,Stroke,Tuesday,09:00-11:00
49,Dr. Johnson 49,Oncology,Interventional Cardiology,Thursday,11:00-13:00
50,Dr. Johnson 50,Pediatrics,Medical Oncology,Wednesday,14:00-16:00
51,Dr. Williams 51,Cardiologist,Spine Surgery,Wednesday,09:00-11:00
52,Dr. Johnson 52,Oncology,Spine Surgery,Wednesday,14:00-16:00
53,Dr. Brown 53,Pediatrics,Stroke,Friday,09:00-11:00
54,Dr. Smith 54,Pediatrics,Medical Oncology,Thursday,09:00-11:00
55,Dr. Brown 55,Neurology,Stroke,Thursday,14:00-16:00
56,Dr. Johnson 56,Orthopedics,Stroke,Thursday,09:00-11:00
57,Dr. Jones 57,Oncology,Stroke,Thursday,09:00-11:00
58,Dr. Jones 58,Neurology,Stroke,Tuesday,09:00-11:00
59,Dr. Williams 59,Oncology,Neonatology,Tuesday,14:00-16:00
60,Dr. Johnson 60,Neurology,Stroke,Friday,14:00-16:00
61,Dr. Jones 61,Pediatrics,Medical Oncology,Monday,16:00-18:00
62,Dr. Johnson 62,Oncology,Spine Surgery,Tuesday,11:00-13:00
63,Dr. Jones 63,Orthopedics,Neonatology,Tuesday,09:00-11:00
64,Dr. Jones 64,Neurology,Stroke,Tuesday,09:00-11:00
65,Dr. Brown 65,Pediatrics,Medical Oncology,Thursday,11:00-13:00
66,Dr. Jones 66,Orthopedics,Interventional Cardiology,Friday,16:00-18:00
67,Dr. Smith 67,Orthopedics,Spine Surgery,Monday,09:00-11:00
68,Dr. Johnson 68,Pediatrics,Medical Oncology,Friday,16:00-18:00
69,Dr. Smith 69,Orthopedics,Stroke,Wednesday,11:00-13:00
70,Dr. Jones 70,Neurology,Spine Surgery,Thursday,11:00-13:00
71,Dr. Smith 71,Cardiologist,Stroke,Friday,11:00-13:00
72,Dr. Johnson 72,Neurology,Medical Oncology,Thursday,16:00-18:00
73,Dr. Brown 73,Orthopedics,Neonatology,Thursday,14:00-16:00
74,Dr. Brown 74,Cardiologist,Spine Surgery,Thursday,16:00-18:00
75,Dr. Williams 75,Neurology,Medical Oncology,Monday,11:00-13:00
76,Dr. Johnson 76,Oncology,Spine Surgery,Wednesday,14:00-16:00
77,Dr. Williams 77,Cardiologist,Neonatology,Thursday,11:00-13:00
78,Dr. Smith 78,Orthopedics,Neonatology,Wednesday,16:00-18:00
79,Dr. Brown 79,Cardiologist,Spine Surgery,Tuesday,16:00-18:00
80,Dr. Johnson 80,Orthopedics,Medical Oncology,Wednesday,14:00-16:00
81,Dr. Brown 81,Orthopedics,Spine Surgery,Thursday,09:00-11:00
82,Dr. Williams 82,Oncology,Spine Surgery,Friday,14:00-16:00
83,Dr. Williams 83,Cardiologist,Interventional Cardiology,Tuesday,14:00-16:00
84,Dr. Brown 84,Pediatrics,Stroke,Friday,09:00-11:00
85,Dr. Smith 85,Neurology,Spine Surgery,Friday,09:00-11:00
86,Dr. Williams 86,Oncology,Spine Surgery,Tuesday,11:00-13:00
87,Dr. Smith 87,Orthopedics,Neonatology,Wednesday,16:00-18:00
88,Dr. Williams 88,Orthopedics,Medical Oncology,Thursday,14:00-16:00
89,Dr. Smith 89,Pediatrics,Interventional Cardiology,Tuesday,16:00-18:00
90,Dr. Brown 90,Cardiologist,Interventional Cardiology,Wednesday,14:00-16:00
91,Dr. Johnson 91,Pediatrics,Neonatology,Monday,16:00-18:00
92,Dr. Williams 92,Cardiologist,Interventional Cardiology,Friday,14:00-16:00
93,Dr. Williams 93,Neurology,Medical Oncology,Tuesday,09:00-11:00
94,Dr. Williams 94,Oncology,Medical Oncology,Thursday,14:00-16:00
95,Dr. Brown 95,Cardiologist,Spine Surgery,Wednesday,16:00-18:00
96,Dr. Brown 96,Pediatrics,Spine Surgery,Thursday,16:00-18:00
97,Dr. Jones 97,Orthopedics,Stroke,Friday,16:00-18:00
98,Dr. Johnson 98,Orthopedics,Stroke,Wednesday,16:00-18:00
99,Dr. Brown 99,Orthopedics,Medical Oncology,Monday,16:00-18:00
100,Dr. Smith 100,Oncology,Medical Oncology,Wednesday,11:00-13:00
101,Dr.Gurdit,Dermatologist,Stroke,Wednesday,16:00-18:00
102,Dr.Gurditsingh,General Practitioner,Medical Oncology,Monday,09:00-11:00
103,Dr. Smith,Cardiologist,Interventional Cardiology,Wednesday,09:00-11:00
104,Dr. Johnson,Neurology,Stroke,Thursday,16:00-18:00
105,Dr. Williams,Pediatrics,Neonatology,Wednesday,11:00-13:00
106,Dr. Brown,Orthopedics,Spine Surgery,Monday,11:00-13:00
107,Dr. Jones,Oncology,Medical Oncology,Wednesday,09:00-11:00
108,Dr. Jones 6,Oncology,Spine Surgery,Monday,16:00-18:00
109,Dr. Smith 7,Neurology,Interventional Cardiology,Friday,11:00-13:00
110,Dr. Johnson 8,Cardiologist,Medical Oncology,Friday,09:00-11:00
111,Dr. Williams 9,Oncology,Spine Surgery,Friday,16:00-18:00
112,Dr. Brown 10,Cardiologist,Neonatology,Tuesday,09:00-11:00
113,Dr. Brown 11,Orthopedics,Interventional Cardiology,Monday,09:00-11:00
114,Dr. Johnson 12,Oncology,Interventional Cardiology,Tuesday,14:00-16:00
115,Dr. Brown 13,Neurology,Spine Surgery,Thursday,16:00-18:00
116,Dr. Smith 14,Orthopedics,Medical Oncology,Thursday,16:00-18:00
117,Dr. Smith 15,Orthopedics,Stroke,Wednesday,09:00-11:00
118,Dr. Brown 16,Cardiologist,Spine Surgery,Tuesday,14:00-16:00
119,Dr. Williams 17,Neurology,Interventional Cardiology,Thursday,11:00-13:00
120,Dr. Johnson 18,Pediatrics,Stroke,Friday,09:00-11:00
121,Dr. Jones 19,Cardiologist,Stroke,Monday,11:00-13:00
122,Dr. Johnson 20,Orthopedics,Medical Oncology,Wednesday,09:00-11:00
123,Dr. Brown 21,Orthopedics,Interventional Cardiology,Monday,09:00-11:00
124,Dr. Brown 22,Oncology,Interventional Cardiology,Tuesday,09:00-11:00
125,Dr. Williams 23,Cardiologist,Interventional Cardiology,Thursday,14:00-16:00
126,Dr. Williams 24,Oncology,Neonatology,Wednesday,16:00-18:00
127,Dr. Smith 25,Pediatrics,Medical Oncology,Thursday,14:00-16:00
128,Dr. Jones 26,Oncology,Interventional Cardiology,Thursday,16:00-18:00
129,Dr. Johnson 27,Oncology,Neonatology,Monday,11:00-13:00
130,Dr. Williams 28,Oncology,Medical Oncology,Wednesday,09:00-11:00
131,Dr. Williams 29,Pediatrics,Interventional Cardiology,Wednesday,16:00-18:00
132,Dr. Johnson 30,Neurology,Interventional Cardiology,Wednesday,16:00-18:00
133,Dr. Brown 31,Pediatrics,Medical Oncology,Thursday,14:00-16:00
134,Dr. Williams 32,Cardiologist,Medical Oncology,Thursday,09:00-11:00
135,Dr. Jones 33,Orthopedics,Stroke,Thursday,16:00-18:00
136,Dr. Jones 34,Cardiologist,Spine Surgery,Tuesday,14:00-16:00
137,Dr. Smith 35,Orthopedics,Interventional Cardiology,Tuesday,09:00-11:00
138,Dr. Smith 36,Neurology,Neonatology,Wednesday,16:00-18:00
139,Dr. Brown 37,Orthopedics,Interventional Cardiology,Tuesday,16:00-18:00
140,Dr. Johnson 38,Pediatrics,Stroke,Wednesday,16:00-18:00
141,Dr. Johnson 39,Oncology,Spine Surgery,Tuesday,16:00-18:00
142,Dr. Brown 40,Cardiologist,Neonatology,Wednesday,14:00-16:00
143,Dr. Johnson 41,Pediatrics,Medical Oncology,Wednesday,09:00-11:00
144,Dr. Williams 42,Cardiologist,Medical Oncology,Monday,09:00-11:00
145,Dr. Jones 43,Neurology,Stroke,Wednesday,14:00-16:00
146,Dr. Williams 44,Cardiologist,Stroke,Friday,11:00-13:00
147,Dr. Johnson 45,Orthopedics,Interventional Cardiology,Tuesday,11:00-13:00
148,Dr. Williams 46,Orthopedics,Neonatology,Monday,11:00-13:00
149,Dr. Jones 47,Orthopedics,Stroke,Wednesday,11:00-13:00
150,Dr. Johnson 48,Cardiologist,Stroke,Thursday,09:00-11:00
151,Dr. Johnson 49,Oncology,Interventional Cardiology,Tuesday,14:00-16:00
152,Dr. Johnson 50,Pediatrics,Medical Oncology,Wednesday,14:00-16:00
153,Dr. Williams 51,Cardiologist,Spine Surgery,Thursday,14:00-16:00
154,Dr. Johnson 52,Oncology,Spine Surgery,Friday,09:00-11:00
155,Dr. Brown 53,Pediatrics,Stroke,Tuesday,11:00-13:00
156,Dr. Smith 54,Pediatrics,Medical Oncology,Tuesday,11:00-13:00
157,Dr. Brown 55,Neurology,Stroke,Tuesday,11:00-13:00
158,Dr. Johnson 56,Orthopedics,Stroke,Wednesday,09:00-11:00
159,Dr. Jones 57,Oncology,Stroke,Thursday,09:00-11:00
160,Dr. Jones 58,Neurology,Stroke,Thursday,14:00-16:00
161,Dr. Williams 59,Oncology,Neonatology,Monday,16:00-18:00
162,Dr. Johnson 60,Neurology,Stroke,Wednesday,11:00-13:00
163,Dr. Jones 61,Pediatrics,Medical Oncology,Thursday,09:00-11:00
164,Dr. Johnson 62,Oncology,Spine Surgery,Tuesday,16:00-18:00
165,Dr. Jones 63,Orthopedics,Neonatology,Monday,14:00-16:00
166,Dr. Jones 64,Neurology,Stroke,Tuesday,09:00-11:00
167,Dr. Brown 65,Pediatrics,Medical Oncology,Monday,16:00-18:00
168,Dr. Jones 66,Orthopedics,Interventional Cardiology,Friday,16:00-18:00
169,Dr. Smith 67,Orthopedics,Spine Surgery,Monday,11:00-13:00
170,Dr. Johnson 68,Pediatrics,Medical Oncology,Tuesday,09:00-11:00
171,Dr. Smith 69,Orthopedics,Stroke,Friday,16:00-18:00
172,Dr. Jones 70,Neurology,Spine Surgery,Monday,11:00-13:00
173,Dr. Smith 71,Cardiologist,Stroke,Friday,11:00-13:00
174,Dr. Johnson 72,Neurology,Medical Oncology,Friday,16:00-18:00
175,Dr. Brown 73,Orthopedics,Neonatology,Wednesday,09:00-11:00
176,Dr. Brown 74,Cardiologist,Spine Surgery,Tuesday,11:00-13:00
177,Dr. Williams 75,Neurology,Medical Oncology,Friday,11:00-13:00
178,Dr. Johnson 76,Oncology,Spine Surgery,Wednesday,16:00-18:00
179,Dr. Williams 77,Cardiologist,Neonatology,Tuesday,16:00-18:00
180,Dr. Smith 78,Orthopedics,Neonatology,Monday,14:00-16:00
181,Dr. Brown 79,Cardiologist,Spine Surgery,Wednesday,16:00-18:00
182,Dr. Johnson 80,Orthopedics,Medical Oncology,Thursday,16:00-18:00
183,Dr. Brown 81,Orthopedics,Spine Surgery,Friday,09:00-11:00
184,Dr. Williams 82,Oncology,Spine Surgery,Monday,11:00-13:00
185,Dr. Williams 83,Cardiologist,Interventional Cardiology,Thursday,16:00-18:00
186,Dr. Brown 84,Pediatrics,Stroke,Tuesday,11:00-13:00
187,Dr. Smith 85,Neurology,Spine Surgery,Wednesday,09:00-11:00
188,Dr. Williams 86,Oncology,Spine Surgery,Monday,09:00-11:00
189,Dr. Smith 87,Orthopedics,Neonatology,Tuesday,09:00-11:00
190,Dr. Williams 88,Orthopedics,Medical Oncology,Monday,14:00-16:00
191,Dr. Smith 89,Pediatrics,Interventional Cardiology,Friday,11:00-13:00
192,Dr. Brown 90,Cardiologist,Interventional Cardiology,Monday,11:00-13:00
193,Dr. Johnson 91,Pediatrics,Neonatology,Monday,16:00-18:00
194,Dr. Williams 92,Cardiologist,Interventional Cardiology,Tuesday,14:00-16:00
195,Dr. Williams 93,Neurology,Medical Oncology,Friday,09:00-11:00
196,Dr. Williams 94,Oncology,Medical Oncology,Thursday,16:00-18:00
197,Dr. Brown 95,Cardiologist,Spine Surgery,Thursday,09:00-11:00
198,Dr. Brown 96,Pediatrics,Spine Surgery,Monday,09:00-11:00
199,Dr. Jones 97,Orthopedics,Stroke,Friday,11:00-13:00
200,Dr. Johnson 98,Orthopedics,Stroke,Wednesday,14:00-16:00
201,Dr. Brown 99,Orthopedics,Medical Oncology,Friday,16:00-18:00
202,Dr. Smith 100,Oncology,Medical Oncology,Tuesday,16:00-18:00
203,Dr.Gurdit,Dermatologist,Stroke,Wednesday,11:00-13:00
204,Dr.Gurditsingh,General Practitioner,Medical Oncology,Wednesday,16:00-18:00
205,Dr. Smith,Cardiologist,Interventional Cardiology,Friday,09:00-11:00
206,Dr. Johnson,Neurology,Stroke,Friday,14:00-16:00
207,Dr. Williams,Pediatrics,Neonatology,Thursday,11:00-13:00
208,Dr. Brown,Orthopedics,Spine Surgery,Monday,16:00-18:00
209,Dr. Jones,Oncology,Medical Oncology,Monday,16:00-18:00
210,Dr. Jones 6,Oncology,Spine Surgery,Thursday,09:00-11:00
211,Dr. Smith 7,Neurology,Interventional Cardiology,Thursday,16:00-18:00
212,Dr. Johnson 8,Cardiologist,Medical Oncology,Thursday,14:00-16:00
213,Dr. Williams 9,Oncology,Spine Surgery,Friday,09:00-11:00
214,Dr. Brown 10,Cardiologist,Neonatology,Friday,09:00-11:00
215,Dr. Brown 11,Orthopedics,Interventional Cardiology,Friday,14:00-16:00
216,Dr. Johnson 12,Oncology,Interventional Cardiology,Monday,16:00-18:00
217,Dr. Brown 13,Neurology,Spine Surgery,Monday,14:00-16:00
218,Dr. Smith 14,Orthopedics,Medical Oncology,Thursday,16:00-18:00
219,Dr. Smith 15,Orthopedics,Stroke,Thursday,11:00-13:00
220,Dr. Brown 16,Cardiologist,Spine Surgery,Wednesday,14:00-16:00
221,Dr. Williams 17,Neurology,Interventional Cardiology,Monday,16:00-18:00
222,Dr. Johnson 18,Pediatrics,Stroke,Friday,16:00-18:00
223,Dr. Jones 19,Cardiologist,Stroke,Monday,11:00-13:00
224,Dr. Johnson 20,Orthopedics,Medical Oncology,Wednesday,16:00-18:00
225,Dr. Brown 21,Orthopedics,Interventional Cardiology,Tuesday,14:00-16:00
226,Dr. Brown 22,Oncology,Interventional Cardiology,Monday,11:00-13:00
227,Dr. Williams 23,Cardiologist,Interventional Cardiology,Thursday,11:00-13:00
228,Dr. Williams 24,Oncology,Neonatology,Tuesday,14:00-16:00
229,Dr. Smith 25,Pediatrics,Medical Oncology,Thursday,09:00-11:00
230,Dr. Jones 26,Oncology,Interventional Cardiology,Thursday,11:00-13:00
231,Dr. Johnson 27,Oncology,Neonatology,Wednesday,11:00-13:00
232,Dr. Williams 28,Oncology,Medical Oncology,Wednesday,11:00-13:00
233,Dr. Williams 29,Pediatrics,Interventional Cardiology,Monday,11:00-13:00
234,Dr. Johnson 30,Neurology,Interventional Cardiology,Thursday,09:00-11:00
235,Dr. Brown 31,Pediatrics,Medical Oncology,Monday,16:00-18:00
236,Dr. Williams 32,Cardiologist,Medical Oncology,Tuesday,09:00-11:00
237,Dr. Jones 33,Orthopedics,Stroke,Tuesday,14:00-16:00
238,Dr. Jones 34,Cardiologist,Spine Surgery,Tuesday,16:00-18:00
239,Dr. Smith 35,Orthopedics,Interventional Cardiology,Friday,16:00-18:00
240,Dr. Smith 36,Neurology,Neonatology,Friday,11:00-13:00
241,Dr. Brown 37,Orthopedics,Interventional Cardiology,Friday,09:00-11:00
242,Dr. Johnson 38,Pediatrics,Stroke,Wednesday,16:00-18:00
243,Dr. Johnson 39,Oncology,Spine Surgery,Tuesday,11:00-13:00
244,Dr. Brown 40,Cardiologist,Neonatology,Wednesday,14:00-16:00
245,Dr. Johnson 41,Pediatrics,Medical Oncology,Wednesday,09:00-11:00
246,Dr. Williams 42,Cardiologist,Medical Oncology,Friday,16:00-18:00
247,Dr. Jones 43,Neurology,Stroke,Monday,16:00-18:00
248,Dr. Williams 44,Cardiologist,Stroke,Monday,16:00-18:00
249,Dr. Johnson 45,Orthopedics,Interventional Cardiology,Monday,16:00-18:00
250,Dr. Williams 46,Orthopedics,Neonatology,Monday,09:00-11:00
251,Dr. Jones 47,Orthopedics,Stroke,Tuesday,11:00-13:00
252,Dr. Johnson 48,Cardiologist,Stroke,Tuesday,16:00-18:00
253,Dr. Johnson 49,Oncology,Interventional Cardiology,Monday,14:00-16:00
254,Dr. Johnson 50,Pediatrics,Medical Oncology,Friday,09:00-11:00
255,Dr. Williams 51,Cardiologist,Spine Surgery,Wednesday,09:00-11:00
256,Dr. Johnson 52,Oncology,Spine Surgery,Monday,16:00-18:00
257,Dr. Brown 53,Pediatrics,Stroke,Tuesday,14:00-16:00
258,Dr. Smith 54,Pediatrics,Medical Oncology,Tuesday,14:00-16:00
259,Dr. Brown 55,Neurology,Stroke,Friday,14:00-16:00
260,Dr. Johnson 56,Orthopedics,Stroke,Wednesday,14:00-16:00
261,Dr. Jones 57,Oncology,Stroke,Tuesday,14:00-16:00
262,Dr. Jones 58,Neurology,Stroke,Friday,09:00-11:00
263,Dr. Williams 59,Oncology,Neonatology,Monday,11:00-13:00
264,Dr. Johnson 60,Neurology,Stroke,Friday,09:00-11:00
265,Dr. Jones 61,Pediatrics,Medical Oncology,Wednesday,16:00-18:00
266,Dr. Johnson 62,Oncology,Spine Surgery,Tuesday,11:00-13:00
267,Dr. Jones 63,Orthopedics,Neonatology,Wednesday,14:00-16:00
268,Dr. Jones 64,Neurology,Stroke,Tuesday,09:00-11:00
269,Dr. Brown 65,Pediatrics,Medical Oncology,Tuesday,11:00-13:00
270,Dr. Jones 66,Orthopedics,Interventional Cardiology,Wednesday,14:00-16:00
271,Dr. Smith 67,Orthopedics,Spine Surgery,Friday,11:00-13:00
272,Dr. Johnson 68,Pediatrics,Medical Oncology,Thursday,11:00-13:00
273,Dr. Smith 69,Orthopedics,Stroke,Tuesday,14:00-16:00
274,Dr. Jones 70,Neurology,Spine Surgery,Friday,09:00-11:00
275,Dr. Smith 71,Cardiologist,Stroke,Monday,16:00-18:00
276,Dr. Johnson 72,Neurology,Medical Oncology,Wednesday,16:00-18:00
277,Dr. Brown 73,Orthopedics,Neonatology,Thursday,11:00-13:00
278,Dr. Brown 74,Cardiologist,Spine Surgery,Wednesday,16:00-18:00
279,Dr. Williams 75,Neurology,Medical Oncology,Thursday,11:00-13:00
280,Dr. Johnson 76,Oncology,Spine Surgery,Tuesday,11:00-13:00
281,Dr. Williams 77,Cardiologist,Neonatology,Tuesday,09:00-11:00
282,Dr. Smith 78,Orthopedics,Neonatology,Thursday,11:00-13:00
283,Dr. Brown 79,Cardiologist,Spine Surgery,Wednesday,09:00-11:00
284,Dr. Johnson 80,Orthopedics,Medical Oncology,Tuesday,11:00-13:00
285,Dr. Brown 81,Orthopedics,Spine Surgery,Monday,11:00-13:00
286,Dr. Williams 82,Oncology,Spine Surgery,Monday,11:00-13:00
287,Dr. Williams 83,Cardiologist,Interventional Cardiology,Monday,09:00-11:00
288,Dr. Brown 84,Pediatrics,Stroke,Friday,16:00-18:00
289,Dr. Smith 85,Neurology,Spine Surgery,Friday,09:00-11:00
290,Dr. Williams 86,Oncology,Spine Surgery,Tuesday,14:00-16:00
291,Dr. Smith 87,Orthopedics,Neonatology,Monday,11:00-13:00
292,Dr. Williams 88,Orthopedics,Medical Oncology,Wednesday,16:00-18:00
293,Dr. Smith 89,Pediatrics,Interventional Cardiology,Monday,11:00-13:00
294,Dr. Brown 90,Cardiologist,Interventional Cardiology,Friday,09:00-11:00
295,Dr. Johnson 91,Pediatrics,Neonatology,Thursday,11:00-13:00
296,Dr. Williams 92,Cardiologist,Interventional Cardiology,Tuesday,09:00-11:00
297,Dr. Williams 93,Neurology,Medical Oncology,Tuesday,14:00-16:00
298,Dr. Williams 94,Oncology,Medical Oncology,Monday,09:00-11:00
299,Dr. Brown 95,Cardiologist,Spine Surgery,Friday,16:00-18:00
300,Dr. Brown 96,Pediatrics,Spine Surgery,Wednesday,16:00-18:00
301,Dr. Jones 97,Orthopedics,Stroke,Thursday,09:00-11:00
302,Dr. Johnson 98,Orthopedics,Stroke,Wednesday,14:00-16:00
303,Dr. Brown 99,Orthopedics,Medical Oncology,Wednesday,14:00-16:00
304,Dr. Smith 100,Oncology,Medical Oncology,Thursday,09:00-11:00
305,Dr.Gurdit,Dermatologist,Stroke,Wednesday,09:00-11:00
306,Dr.Gurditsingh,General Practitioner,Medical Oncology,Wednesday,14:00-16:00
307,Dr. Smith,Cardiologist,Interventional Cardiology,Thursday,09:00-11:00
308,Dr. Johnson,Neurology,Stroke,Thursday,14:00-16:00
309,Dr. Williams,Pediatrics,Neonatology,Tuesday,16:00-18:00
310,Dr. Brown,Orthopedics,Spine Surgery,Monday,16:00-18:00
311,Dr. Jones,Oncology,Medical Oncology,Thursday,16:00-18:00
312,Dr. Jones 6,Oncology,Spine Surgery,Friday,16:00-18:00
313,Dr. Smith 7,Neurology,Interventional Cardiology,Thursday,16:00-18:00
314,Dr. Johnson 8,Cardiologist,Medical Oncology,Wednesday,11:00-13:00
315,Dr. Williams 9,Oncology,Spine Surgery,Tuesday,16:00-18:00
316,Dr. Brown 10,Cardiologist,Neonatology,Tuesday,09:00-11:00
317,Dr. Brown 11,Orthopedics,Interventional Cardiology,Wednesday,16:00-18:00
318,Dr. Johnson 12,Oncology,Interventional Cardiology,Tuesday,16:00-18:00
319,Dr. Brown 13,Neurology,Spine Surgery,Thursday,14:00-16:00
320,Dr. Smith 14,Orthopedics,Medical Oncology,Friday,11:00-13:00
321,Dr. Smith 15,Orthopedics,Stroke,Wednesday,11:00-13:00
322,Dr. Brown 16,Cardiologist,Spine Surgery,Friday,09:00-11:00
323,Dr. Williams 17,Neurology,Interventional Cardiology,Friday,11:00-13:00
324,Dr. Johnson 18,Pediatrics,Stroke,Friday,16:00-18:00
325,Dr. Jones 19,Cardiologist,Stroke,Wednesday,09:00-11:00
326,Dr. Johnson 20,Orthopedics,Medical Oncology,Wednesday,14:00-16:00
327,Dr. Brown 21,Orthopedics,Interventional Cardiology,Wednesday,14:00-16:00
328,Dr. Brown 22,Oncology,Interventional Cardiology,Tuesday,09:00-11:00
329,Dr. Williams 23,Cardiologist,Interventional Cardiology,Monday,16:00-18:00
330,Dr. Williams 24,Oncology,Neonatology,Monday,11:00-13:00
331,Dr. Smith 25,Pediatrics,Medical Oncology,Monday,11:00-13:00
332,Dr. Jones 26,Oncology,Interventional Cardiology,Friday,16:00-18:00
333,Dr. Johnson 27,Oncology,Neonatology,Monday,09:00-11:00
334,Dr. Williams 28,Oncology,Medical Oncology,Wednesday,09:00-11:00
335,Dr. Williams 29,Pediatrics,Interventional Cardiology,Monday,16:00-18:00
336,Dr. Johnson 30,Neurology,Interventional Cardiology,Friday,16:00-18:00
337,Dr. Brown 31,Pediatrics,Medical Oncology,Thursday,16:00-18:00
338,Dr. Williams 32,Cardiologist,Medical Oncology,Tuesday,14:00-16:00
339,Dr. Jones 33,Orthopedics,Stroke,Wednesday,16:00-18:00
340,Dr. Jones 34,Cardiologist,Spine Surgery,Monday,11:00-13:00
341,Dr. Smith 35,Orthopedics,Interventional Cardiology,Tuesday,09:00-11:00
342,Dr. Smith 36,Neurology,Neonatology,Wednesday,16:00-18:00
343,Dr. Brown 37,Orthopedics,Interventional Cardiology,Wednesday,16:00-18:00
344,Dr. Johnson 38,Pediatrics,Stroke,Friday,09:00-11:00
345,Dr. Johnson 39,Oncology,Spine Surgery,Wednesday,14:00-16:00
346,Dr. Brown 40,Cardiologist,Neonatology,Friday,09:00-11:00
347,Dr. Johnson 41,Pediatrics,Medical Oncology,Wednesday,11:00-13:00
348,Dr. Williams 42,Cardiologist,Medical Oncology,Monday,11:00-13:00
349,Dr. Jones 43,Neurology,Stroke,Monday,09:00-11:00
350,Dr. Williams 44,Cardiologist,Stroke,Friday,14:00-16:00
351,Dr. Johnson 45,Orthopedics,Interventional Cardiology,Thursday,14:00-16:00
352,Dr. Williams 46,Orthopedics,Neonatology,Thursday,14:00-16:00
353,Dr. Jones 47,Orthopedics,Stroke,Tuesday,14:00-16:00
354,Dr. Johnson 48,Cardiologist,Stroke,Thursday,11:00-13:00
355,Dr. Johnson 49,Oncology,Interventional Cardiology,Tuesday,11:00-13:00
356,Dr. Johnson 50,Pediatrics,Medical Oncology,Thursday,09:00-11:00
357,Dr. Williams 51,Cardiologist,Spine Surgery,Tuesday,11:00-13:00
358,Dr. Johnson 52,Oncology,Spine Surgery,Monday,09:00-11:00
359,Dr. Brown 53,Pediatrics,Stroke,Thursday,14:00-16:00
360,Dr. Smith 54,Pediatrics,Medical Oncology,Tuesday,16:00-18:00
361,Dr. Brown 55,Neurology,Stroke,Monday,16:00-18:00
362,Dr. Johnson 56,Orthopedics,Stroke,Friday,14:00-16:00
363,Dr. Jones 57,Oncology,Stroke,Monday,11:00-13:00
364,Dr. Jones 58,Neurology,Stroke,Thursday,09:00-11:00
365,Dr. Williams 59,Oncology,Neonatology,Wednesday,11:00-13:00
366,Dr. Johnson 60,Neurology,Stroke,Monday,09:00-11:00
367,Dr. Jones 61,Pediatrics,Medical Oncology,Tuesday,11:00-13:00
368,Dr. Johnson 62,Oncology,Spine Surgery,Wednesday,11:00-13:00
369,Dr. Jones 63,Orthopedics,Neonatology,Monday,09:00-11:00
370,Dr. Jones 64,Neurology,Stroke,Tuesday,14:00-16:00
371,Dr. Brown 65,Pediatrics,Medical Oncology,Wednesday,16:00-18:00
372,Dr. Jones 66,Orthopedics,Interventional Cardiology,Thursday,09:00-11:00
373,Dr. Smith 67,Orthopedics,Spine Surgery,Monday,09:00-11:00
374,Dr. Johnson 68,Pediatrics,Medical Oncology,Monday,14:00-16:00
375,Dr. Smith 69,Orthopedics,Stroke,Wednesday,09:00-11:00
376,Dr. Jones 70,Neurology,Spine Surgery,Monday,16:00-18:00
377,Dr. Smith 71,Cardiologist,Stroke,Monday,14:00-16:00
378,Dr. Johnson 72,Neurology,Medical Oncology,Wednesday,11:00-13:00
379,Dr. Brown 73,Orthopedics,Neonatology,Monday,09:00-11:00
380,Dr. Brown 74,Cardiologist,Spine Surgery,Monday,09:00-11:00
381,Dr. Williams 75,Neurology,Medical Oncology,Tuesday,09:00-11:00
382,Dr. Johnson 76,Oncology,Spine Surgery,Tuesday,11:00-13:00
383,Dr. Williams 77,Cardiologist,Neonatology,Wednesday,16:00-18:00
384,Dr. Smith 78,Orthopedics,Neonatology,Friday,11:00-13:00
385,Dr. Brown 79,Cardiologist,Spine Surgery,Wednesday,11:00-13:00
386,Dr. Johnson 80,Orthopedics,Medical Oncology,Friday,09:00-11:00
387,Dr. Brown 81,Orthopedics,Spine Surgery,Thursday,14:00-16:00
388,Dr. Williams 82,Oncology,Spine Surgery,Friday,16:00-18:00
389,Dr. Williams 83,Cardiologist,Interventional Cardiology,Tuesday,16:00-18:00
390,Dr. Brown 84,Pediatrics,Stroke,Wednesday,16:00-18:00
391,Dr. Smith 85,Neurology,Spine Surgery,Thursday,14:00-16:00
392,Dr. Williams 86,Oncology,Spine Surgery,Wednesday,09:00-11:00
393,Dr. Smith 87,Orthopedics,Neonatology,Thursday,09:00-11:00
394,Dr. Williams 88,Orthopedics,Medical Oncology,Tuesday,14:00-16:00
395,Dr. Smith 89,Pediatrics,Interventional Cardiology,Friday,14:00-16:00
396,Dr. Brown 90,Cardiologist,Interventional Cardiology,Monday,09:00-11:00
397,Dr. Johnson 91,Pediatrics,Neonatology,Friday,09:00-11:00
398,Dr. Williams 92,Cardiologist,Interventional Cardiology,Monday,14:00-16:00
399,Dr. Williams 93,Neurology,Medical Oncology,Tuesday,11:00-13:00
400,Dr. Williams 94,Oncology,Medical Oncology,Monday,14:00-16:00
